codigo,registro_fuente,provincia,canton,zona_publica,anio_ensayo,elevacion_msnm,profundidad_sondeo_m,n60,capacidad_portante_kg_cm2,limite_liquido_pct,limite_plastico_pct,indice_plasticidad_pct,humedad_pct,profundidad_cimentacion_m,aashto,tipo_suelo,sucs,nivel_freatico,tipo_cimentacion,resistencia_n60,aptitud_referencial,privacidad,lon_wgs84,lat_wgs84
SPT-001,1,Loja,Loja,Zona técnica 03,2024,2120.23,8,18,1.1,31.3,13.5,17.8,19.32,2,A-6(9),Arcilla con bajo contenido de arena de alta plasticidad,CL,No,Zapata Continua o corrida,Baja,Condicionada,pública_anonimizada,-79.2080103,-4.0096522
SPT-002,2,Loja,Loja,Zona técnica 03,2024,2120.23,8,18,1.73,35.6,16.7,18.8,21.93,2,A-6(15),Arcilla con bajo contenido de arena de alta plasticidad,CL,No,Zapata Continua o corrida,Baja,Media,pública_anonimizada,-79.2078996,-4.0096302
SPT-003,3,Loja,Loja,Zona técnica 03,2024,2120.23,12,16,1.15,41.3,18.4,22.9,17.67,2.5,A-7-6(19),Arcilla con arena CL de alta plasticidad color gris a café,CL,No,Losa de cimentación,Baja,Condicionada,pública_anonimizada,-79.2080459,-4.0098195
SPT-004,4,Loja,Loja,Zona técnica 03,2024,2120.23,13,18,1.88,39.3,17.9,21.4,20.67,2.5,A-6(14),Arcilla con arena y con bajo contenido de gravas CL de alta plasticidad,CL,No,Losa de cimentación,Baja,Media,pública_anonimizada,-79.2078741,-4.0097703
SPT-005,5,Loja,Loja,Zona técnica 05,2022,2019,6,6,1.47,25.67,22.27,3.41,10.94,1.5,A-4,Arena limosa,SM,Sí,Zapata aislada cuadrada,Muy baja,Revisión prioritaria,pública_anonimizada,-79.220302,-3.9509488
SPT-006,6,Loja,Loja,Zona técnica 03,2022,2219,6,25,2.68,22.36,12.87,9.49,6.67,1.25,A-1-a,Grava bien gradada con arena,GW,No,Zapata aislada cuadrada,Media,Alta,pública_anonimizada,-79.2157505,-4.0158189
SPT-007,7,Loja,Loja,Zona técnica 03,2022,2221,6,15,1.59,35.93,13.05,22.88,22.19,1.25,A-1-a,Grava bien gradada con arena,GW,No,Zapata aislada cuadrada,Baja,Media,pública_anonimizada,-79.2157687,-4.0157376
SPT-008,8,Loja,Loja,Zona técnica 02,2022,2207,6,15,1.44,57,36,21,23.27,1.8,A-7-5,Arcilla de alta plasticidad con limo,MH,Sí,Zapata aislada cuadrada,Baja,Condicionada,pública_anonimizada,-79.2134838,-4.0394781
SPT-009,9,Loja,Catamayo,Zona técnica 04,2022,1259,6,36,5.75,86.76,38.75,48.01,19.27,1.5,A-5,Limo elastico arenoso,MH,No,Zapata aislada cuadrada,Alta,Alta,pública_anonimizada,-79.3796939,-3.9684403
SPT-010,10,Loja,Loja,Zona técnica 04,2022,2200,3,52,3.09,27.15,19.37,7.78,9.68,1.8,A-6,Arcilla fina con arena,MH,No,Zapata aislada cuadrada,Muy alta,Alta,pública_anonimizada,-79.2139632,-4.005389
SPT-011,11,Loja,Loja,Zona técnica 04,2022,2195,4,52,1.66,57.2,30.33,26.87,20.52,1.8,A-6,Arcilla fina con arena,MH,No,Zapata aislada cuadrada,Muy alta,Media,pública_anonimizada,-79.2139272,-4.0054251
SPT-012,12,Loja,Loja,Zona técnica 03,2022,2200,6,39,2.74,43.29,27.72,15.58,17.88,1.5,A-1-b,Material de mejoramiento,GW,No,Zapata Continua o corrida,Alta,Alta,pública_anonimizada,-79.2164958,-4.0167429
SPT-013,13,Loja,Loja,Zona técnica 03,2022,2289,6,13,2.37,26.86,13.43,13.42,17.02,1.8,A-6,Arcilla areno limosa,CL,No,Zapata aislada cuadrada,Baja,Condicionada,pública_anonimizada,-79.2223615,-4.019161
SPT-014,14,Loja,Loja,Zona técnica 04,2022,2066,6,11,6.11,79.04,43.31,35.74,15.72,1.5,A-5,Limo de alta compresibilidad,MH,No,Zapata aislada cuadrada,Baja,Condicionada,pública_anonimizada,-79.2114143,-3.9724146
SPT-015,15,Loja,Calvas,Zona técnica 01,2023,1958,3,29,5.8,45.82,29.58,16.24,17.6,1.5,A-2-5,Limo elastico con clastos,MH,No,Zapata aislada cuadrada,Media,Alta,pública_anonimizada,-79.5545467,-4.3284442
SPT-016,16,Loja,Loja,Zona técnica 03,2023,2163,6,24,3.1,,,,13.35,1.7,A-4,Arena limo arcillosa,SM,No,Zapata aislada cuadrada,Media,Media,pública_anonimizada,-79.1961482,-4.0116524
SPT-017,17,Loja,Loja,Zona técnica 04,2023,2120,6,30,3.65,23.26,16.1,7.17,10.23,1.5,A-4,Arcilla arenosa limosa,CL-ML,No,Zapata aislada cuadrada,Alta,Alta,pública_anonimizada,-79.1969899,-3.9767144
SPT-018,18,Loja,Saraguro,Zona técnica 05,2025,2519,4,92,12.27,45.82,34.45,11.37,29.17,0.7,A-2-5,Arena limosa con fragmentos de toba riolitica,SM,No,Zapata Continua o corrida,Muy alta,Alta,pública_anonimizada,-79.2339602,-3.6225678
SPT-019,19,Loja,Loja,Zona técnica 04,2023,2100,5,10,1.65,42.47,26.85,15.62,15.36,1.2,A-6,Limo,ML,No,Zapata aislada cuadrada,Baja,Condicionada,pública_anonimizada,-79.2102936,-4.0035273
SPT-020,20,Loja,Loja,Zona técnica 03,2023,2150,6,6,1.35,33.81,21.44,12.37,16.14,1.5,A-6,Arcilla fina arenosa con grava,CL,Sí,Zapata aislada cuadrada,Muy baja,Revisión prioritaria,pública_anonimizada,-79.2148103,-4.0133754
SPT-021,21,Loja,Calvas,Zona técnica 01,2023,1979,6,10,2.14,67.39,32.24,35.15,36.35,1.5,A-7-5,Limo elastico con clastos,CH,No,Zapata aislada cuadrada,Baja,Condicionada,pública_anonimizada,-79.5491602,-4.3231251
SPT-022,22,Loja,Loja,Zona técnica 05,2023,2009,6,10,1.1,35.01,24.45,10.56,14.63,3,A-1-b,Grava mal gradada con arena,GP,Sí,Zapata aislada cuadrada,Baja,Condicionada,pública_anonimizada,-79.2135134,-3.9592894
SPT-023,23,Loja,Loja,Zona técnica 05,2023,2009,6,38,2.22,33.31,25.76,7.55,11.03,3,A-1-b,Grava mal gradada con arena,GP,Sí,Zapata aislada cuadrada,Alta,Media,pública_anonimizada,-79.2136034,-3.9592987
SPT-024,24,Loja,Loja,Zona técnica 02,2023,2122,6,21,1.93,21.47,15.66,5.81,22.67,2,A-4,Arcilla arenosa limosa,CL-ML,No,Zapata aislada cuadrada,Media,Media,pública_anonimizada,-79.2045923,-4.0207497
SPT-025,25,Loja,Loja,Zona técnica 02,2023,2123,6,35,2.79,33.31,25.76,7.55,13.58,2,A-4,Limo arenoso,ML,No,Zapata aislada cuadrada,Alta,Alta,pública_anonimizada,-79.2045744,-4.0206863
SPT-026,26,Loja,Loja,Zona técnica 02,2023,2105,6,9,1.39,34.6,25.52,9.08,20.14,1.2,A-4,Limo arenosa con grava,ML,Sí,Zapata aislada cuadrada,Muy baja,Revisión prioritaria,pública_anonimizada,-79.2184092,-4.0229774
SPT-027,27,Loja,Loja,Zona técnica 05,2023,2025,6,18,1.06,,,,13.41,1.5,A-1-b,Grava mal gradada con arena,GP,Sí,Zapata aislada cuadrada,Baja,Condicionada,pública_anonimizada,-79.2082035,-3.9666023
SPT-028,28,Loja,Loja,Zona técnica 05,2023,2025,6,15,0.84,,,,12.32,1.5,A-1-b,Grava mal gradada con arena,GP,Sí,Zapata aislada cuadrada,Baja,Revisión prioritaria,pública_anonimizada,-79.2082666,-3.9665753
SPT-029,29,Loja,Loja,Zona técnica 04,2023,2289,6,14,2.26,73.19,35.15,38.04,18.22,1.5,A-2-7,Limo con arcilla,ML,No,Zapata aislada cuadrada,Baja,Condicionada,pública_anonimizada,-79.2265291,-3.9905324
SPT-030,30,Loja,Loja,Zona técnica 03,2023,2156,5,44,5.22,,,,4.87,1.5,A-1-a,Grava bien graduada con arena,GW,No,Zapata aislada cuadrada,Muy alta,Alta,pública_anonimizada,-79.2089448,-4.019222
SPT-031,31,Loja,Loja,Zona técnica 02,2023,2261,6,17,3.64,25.19,17.03,8.17,12.06,1.5,A-2-6,Arcilla gravosa -limosa con arena,CL-ML,Sí,Zapata aislada cuadrada,Baja,Media,pública_anonimizada,-79.2205624,-4.0224757
SPT-032,32,Zamora Chinchipe,Zamora,Zona técnica 02,2023,960,6,14,1.42,32.51,21.03,11.48,21.36,2,A-6,Arcilla fina con arena,CL,No,Zapata aislada cuadrada,Baja,Condicionada,pública_anonimizada,-78.951947,-4.0606298
SPT-033,33,Loja,Loja,Zona técnica 01,2023,1479,6,12,1.2,22.29,14.44,7.85,13.19,1.2,A-4,Grava arcillosa con arena,CL-ML,No,Zapata aislada cuadrada,Baja,Condicionada,pública_anonimizada,-79.2598205,-4.2220152
SPT-034,34,Loja,Loja,Zona técnica 02,2023,1481,3,46,7.22,,,,1.7,1.2,A-1-b,Arena mal graduada con limo y grava,SW-SM,No,Zapata aislada cuadrada,Muy alta,Alta,pública_anonimizada,-79.259588,-4.2212642
SPT-035,35,Loja,Loja,Zona técnica 01,2023,1476,6,11,0.93,32.96,19.03,13.88,10.33,1.2,A-6,Arcilla fina arenosa,CL,No,Zapata aislada cuadrada,Baja,Revisión prioritaria,pública_anonimizada,-79.2594592,-4.2224937
SPT-036,36,Loja,Loja,Zona técnica 01,2023,1476,3,38,2.94,,,,2.25,1.2,A-1-a,Grava mal gradada con arena,GP,No,Zapata aislada cuadrada,Alta,Alta,pública_anonimizada,-79.2594603,-4.2219782
SPT-037,37,Loja,Loja,Zona técnica 04,2023,2105,6,14,1.01,79.04,43.31,35.74,15.72,1.5,A-7-5,Material de relleno altamente plastico,MH,No,Zapata aislada cuadrada,Baja,Condicionada,pública_anonimizada,-79.2296948,-3.9675895
SPT-038,38,Loja,Calvas,Zona técnica 01,2023,1921,6,9,2.9,58.05,37.86,20.19,54.32,1.5,A-7-5,Limo elastico,MH,No,Zapata aislada cuadrada,Muy baja,Revisión prioritaria,pública_anonimizada,-79.5567604,-4.325075
SPT-039,39,Loja,Calvas,Zona técnica 01,2023,1920,6,12,2.41,47.98,28.67,19.31,32.37,1.3,A-7-6,Limo con arcilla,ML,No,Zapata aislada cuadrada,Baja,Condicionada,pública_anonimizada,-79.5567156,-4.3249393
SPT-040,40,Loja,Calvas,Zona técnica 01,2023,1925,6,22,2.66,54.9,23.93,30.97,31.82,1.5,A-7-6,Arcilla fina,CH,No,Zapata aislada cuadrada,Media,Media,pública_anonimizada,-79.556517,-4.3251198
SPT-041,41,Loja,Calvas,Zona técnica 01,2023,1676,6,115,8.5,83.76,50.75,33.01,33.44,1.5,A-7-5,Limo elastico,MH,No,Zapata aislada cuadrada,Muy alta,Media,pública_anonimizada,-79.5711747,-4.3206889
SPT-042,42,Loja,Calvas,Zona técnica 01,2023,1711,4.45,30,2.28,63.87,25.67,38.2,23.89,1.5,A-7-6,Arcilla gruesa gravosa,CH,No,Zapata aislada cuadrada,Alta,Alta,pública_anonimizada,-79.5347651,-4.294103
SPT-043,43,Loja,Calvas,Zona técnica 01,2023,1743,4.45,38,2.81,47.3,36.67,10.63,28.05,1.5,A-5,Limo con arcilla,ML,Sí,Zapata aislada cuadrada,Alta,Media,pública_anonimizada,-79.540629,-4.2944487
SPT-044,44,Loja,Loja,Zona técnica 04,2023,2066,6,44,3.08,,,,15.59,1.2,A-2-7,Arena limosa,SM,No,Zapata aislada cuadrada,Muy alta,Alta,pública_anonimizada,-79.2131072,-3.972364
SPT-045,45,Loja,Loja,Zona técnica 05,2023,2148,6,20,1.34,51.76,32.69,19.07,14.66,2,A-7-5,Limo arenoso,ML,No,Zapata aislada cuadrada,Media,Condicionada,pública_anonimizada,-79.2224908,-3.967438
SPT-046,46,Loja,Calvas,Zona técnica 01,2023,1954,6,16,2.65,53.18,42.78,10.4,43.09,1,A-5,Limo,ML,No,Zapata Continua o corrida,Baja,Media,pública_anonimizada,-79.5542021,-4.3240538
SPT-047,47,Loja,Calvas,Zona técnica 01,2023,1954,6,22,3.31,53.18,42.78,10.4,42.78,1,A-5,Limo,ML,No,Zapata Continua o corrida,Media,Media,pública_anonimizada,-79.5541461,-4.3241128
SPT-048,48,Loja,Calvas,Zona técnica 01,2023,1813,6,9,2.88,59.19,37.71,21.48,19.36,1.5,A-2-7,Limo elastico arenoso,MH,Sí,Zapata Continua o corrida,Muy baja,Revisión prioritaria,pública_anonimizada,-79.5500544,-4.2933723
SPT-049,49,Loja,Calvas,Zona técnica 01,2023,1813,3.27,13,3.69,57.02,40.83,16.2,33.04,1.5,A-2-7,Limo elastico arenoso,MH,Sí,Zapata Continua o corrida,Baja,Condicionada,pública_anonimizada,-79.5498203,-4.2932724
SPT-050,50,Loja,Loja,Zona técnica 04,2026,2127,3,30,8.01,,,,9.68,1.2,A-1-a,Grava mal graduada con arena,GP,No,Zapata aislada cuadrada,Alta,Alta,pública_anonimizada,-79.2141416,-3.9812188
SPT-051,51,Loja,Loja,Zona técnica 04,2023,2213,6,21,3.35,,,,22.33,4.5,A-2-6,Limo arenoso,ML,No,Zapata aislada cuadrada,Media,Media,pública_anonimizada,-79.2193444,-3.9944593
SPT-052,52,Loja,Loja,Zona técnica 04,2023,2079,6,13,1.58,28.53,16.7,11.82,24.33,1.5,A-6,Arcilla fina,CL,No,Zapata aislada cuadrada,Baja,Condicionada,pública_anonimizada,-79.2053571,-4.0045021
SPT-053,53,Loja,Loja,Zona técnica 04,2023,2080,6,17,1.95,28.53,16.7,11.82,20.68,1.5,A-6,Arcilla fina,CL,No,Zapata aislada cuadrada,Baja,Media,pública_anonimizada,-79.2054741,-4.0045295
SPT-054,54,Loja,Loja,Zona técnica 03,2024,2279,6,20,2.6,85.03,38.63,46.4,25.55,3.6,A-7-5,Limo elastico,MH,No,Zapata aislada cuadrada,Media,Media,pública_anonimizada,-79.2288571,-4.0175837
SPT-055,55,Loja,Loja,Zona técnica 05,2023,2032,6,43,1.91,,,,6.8,1.3,A-1-b,Grava bien graduada con arena,GP,No,Zapata aislada cuadrada,Muy alta,Media,pública_anonimizada,-79.2234105,-3.9457108
SPT-056,56,Loja,Loja,Zona técnica 05,2023,2031,6,49,2.27,,,,20.22,1.3,A-1-b,Grava bien graduada con arena,GP,No,Zapata aislada cuadrada,Muy alta,Alta,pública_anonimizada,-79.2233383,-3.9457649
SPT-057,57,Loja,Chaguarpamba,Zona técnica 05,2024,1331,6,28,1.75,32.8,29.5,3.3,28.26,3.5,A-4,Limo arcilloso,ML,No,Zapata aislada cuadrada,Media,Media,pública_anonimizada,-79.6442821,-3.8800572
SPT-058,58,Loja,Chaguarpamba,Zona técnica 05,2024,1329,6,11,1.84,32.8,29.5,3.3,31.32,3.5,A-4,Limo arcilloso,ML,No,Zapata aislada cuadrada,Baja,Condicionada,pública_anonimizada,-79.6442281,-3.8800119
SPT-059,59,Loja,Loja,Zona técnica 03,2024,2216,7,9,1.77,54.1,26.1,28,33.9,1.5,A-7-6(17),Arcilla con arena y gravas ch de alta plasticidad,CH,No,Zapata aislada cuadrada,Muy baja,Revisión prioritaria,pública_anonimizada,-79.2161635,-4.0163714
SPT-060,60,Loja,Loja,Zona técnica 02,2024,2221,4.45,21,2.32,54.25,32.01,22.24,23.02,1.5,A-7-5,Limo elastico arenoso,MH,No,Zapata aislada cuadrada,Media,Media,pública_anonimizada,-79.2163944,-4.0261017
SPT-061,61,Loja,Catamayo,Zona técnica 04,2024,1242,5,31,3.06,50,27.3,22.7,14.78,1.3,A-7-6(13),Arcilla arenosa cl de alta plasticidad,CL,No,Zapata aislada cuadrada,Alta,Alta,pública_anonimizada,-79.3663874,-3.9764353
SPT-062,62,Azuay,Cuenca,Zona técnica 05,2024,2657,6,33,2.78,31.7,26.2,5.5,13.65,1.5,A-4(0),Arena limosa con bajo contenido de grava,SM,No,Zapata aislada cuadrada,Alta,Alta,pública_anonimizada,-79.0526556,-2.8935347
SPT-063,63,Azuay,Cuenca,Zona técnica 05,2024,2658,5,14,1.75,31.7,26.2,5.5,11.93,1.5,A-4(1),Arena limosa sm de baja plasticidad,SM,No,Zapata aislada cuadrada,Baja,Condicionada,pública_anonimizada,-79.0527813,-2.8936615
SPT-064,64,Loja,Loja,Zona técnica 01,2024,1959,5,41,2.76,,,,3.38,1.5,A-2-4,Grava limosa con arena,GM,No,Zapata aislada cuadrada,Muy alta,Alta,pública_anonimizada,-79.2220223,-4.2442282
SPT-065,65,Loja,Loja,Zona técnica 01,2024,1958,5,32,2,,,,8.49,1.5,A-1-b,Grava limosa coon arena de baja plasticidad,GM,No,Zapata aislada cuadrada,Alta,Alta,pública_anonimizada,-79.2220131,-4.2443186
SPT-066,66,Loja,Loja,Zona técnica 04,2024,2199,5,77,5.19,,,,24.24,5,A-4,Arena limosa de baja plasticidad,SM,No,Zapata aislada cuadrada,Muy alta,Alta,pública_anonimizada,-79.2144822,-4.0069274
SPT-067,67,Loja,Loja,Zona técnica 03,2024,2277,6,33,2.49,47.9,18.5,29.3,29.53,1.5,A-7-6,Arcilla con arena de alta plasticidad,CL,No,Zapata aislada cuadrada,Alta,Alta,pública_anonimizada,-79.2264713,-4.0144304
SPT-068,68,Loja,Calvas,Zona técnica 01,2024,1850,6,10,0.9,68,40,28,49.75,1.5,A-7-5,Limo con arena y con bajo contenido de gravas de alta plasticidad,MH,Sí,Zapata Continua o corrida,Baja,Revisión prioritaria,pública_anonimizada,-79.5556714,-4.3203242
SPT-069,69,Loja,Calvas,Zona técnica 01,2024,1849,4,25,1.55,,,,24.74,1.7,A-4,Limo con arena y con bajo contenio de gravas,ML,No,Zapata aislada cuadrada,Media,Media,pública_anonimizada,-79.5556998,-4.3202467
SPT-070,70,Loja,Loja,Zona técnica 02,2024,1624,4,27,2.27,30.2,16.8,13.4,8.61,1.2,A-6,Arcilla arenosa de mediana plasticidad,CL,No,Zapata aislada cuadrada,Media,Alta,pública_anonimizada,-79.2609902,-4.2104071
SPT-071,71,Loja,Loja,Zona técnica 02,2024,1602,2,129,6.87,25.5,15.8,9.7,9.62,1.2,A-4,Arcilla arenosa de mediana plasticidad,CL,No,Zapata aislada cuadrada,Muy alta,Alta,pública_anonimizada,-79.2604504,-4.2101346
SPT-072,72,Loja,Loja,Zona técnica 02,2024,2240,6,7,0.9,22.4,17.3,5.1,16.71,1.5,A-4,Arena arcillosa-limoso con bajo contenido de grava (material de relleno no compactado y ccon material vegetal),SC-SM,No,Zapata aislada cuadrada,Muy baja,Revisión prioritaria,pública_anonimizada,-79.2046249,-4.0428133
SPT-073,73,Loja,Loja,Zona técnica 02,2024,2240,5,32,2.54,29.3,16.8,12.6,8.37,1.5,A-2-6,Arena arcillosa con grava,SC,No,Zapata aislada cuadrada,Alta,Alta,pública_anonimizada,-79.204778,-4.0428046
SPT-074,74,Loja,Loja,Zona técnica 02,2024,2173,6,30,1.18,38.4,25.6,12.8,16.69,1.5,A-6,Limo de mediana plasticidad,ML,No,Zapata aislada cuadrada,Alta,Condicionada,pública_anonimizada,-79.2091731,-4.0259863
SPT-075,75,Loja,Loja,Zona técnica 03,2024,2174,6,10,1.17,34.2,16.7,17.5,20,1.5,A-6(12),Arcilla con arena de mediana plasticidad,CL,No,Zapata Continua o corrida,Baja,Condicionada,pública_anonimizada,-79.195682,-4.0107562
SPT-076,76,Loja,Loja,Zona técnica 03,2024,2178,6,13,1.22,33.9,18.5,15.3,18.16,1.5,A-6(11),Arcilla con arena cl de mediana plasticidad color marron,CL,No,Zapata Continua o corrida,Baja,Condicionada,pública_anonimizada,-79.1956279,-4.0107561
SPT-077,77,Loja,Loja,Zona técnica 03,2024,2250,6,20,1.79,,,,10.27,1.5,A-1-a,Arena limosa con grava sm no plastica color gris,SM,No,Zapata aislada cuadrada,Media,Media,pública_anonimizada,-79.2199482,-4.01921
SPT-078,78,Loja,Loja,Zona técnica 04,2024,2150,6,16,2.44,,,,20.22,1.5,A-4,Arena limosa con grava sm no plastica color cafe oscura a marron,SM,No,Zapata aislada cuadrada,Baja,Media,pública_anonimizada,-79.2123565,-3.9864415
SPT-079,79,Loja,Loja,Zona técnica 05,2024,2384,3,30,3.73,,,,5.07,2.5,A-1-b,Arena limosa con grava sm no plastica color cafe,SM,Sí,Zapata Continua o corrida,Alta,Media,pública_anonimizada,-79.278929,-3.7983955
SPT-080,80,Loja,Loja,Zona técnica 05,2024,2386,5,11,1.07,42.7,27.6,15.1,22.56,4.5,A-7-6(8),Limo con arena y con bajo contenido de gravas ml de mediana plasticidad color cafe oscura,SM,Sí,Zapata Continua o corrida,Baja,Condicionada,pública_anonimizada,-79.2790508,-3.7982528
SPT-081,81,Loja,Espindola,Zona técnica 01,2024,1721,6,17,1.65,,,,5.75,1,A-2-4,Arena limosa con bajo contenido de grava sm no plastica color cafe,SM,No,Zapata aislada cuadrada,Baja,Media,pública_anonimizada,-79.4194316,-4.5796873
SPT-082,82,Loja,Loja,Zona técnica 05,2024,2044,6,38,2.75,50.8,34.8,15.9,17.56,1.5,A-7-5(19),Limo mh de mediana plasticidad color marron,MH,No,Zapata aislada cuadrada,Alta,Alta,pública_anonimizada,-79.2273454,-3.9370203
SPT-083,83,Loja,Loja,Zona técnica 05,2024,2051,6,36,2.58,73.9,28.6,45.2,20.78,1.5,A-7-6(49),Arcilla ch de alta plastiidad color marron,CH,No,Zapata aislada cuadrada,Alta,Alta,pública_anonimizada,-79.2271298,-3.9368299
SPT-084,84,Zamora Chinchipe,Chinchipe,Zona técnica 01,2024,1249,6,8,1.7,35.5,18.8,16.8,30.22,2.5,A-6(11),Arcilla con arena cl de mediana plasticidad color cafe amarillenta,CL,No,Zapata Continua o corrida,Muy baja,Revisión prioritaria,pública_anonimizada,-79.1332163,-4.8625069
SPT-085,85,Zamora Chinchipe,Chinchipe,Zona técnica 01,2024,1250,6,8,1.7,31.6,19.1,12.5,35.78,2.5,A-6(8),Arcilla con arena cl de mediana plasticidad color cafe oscura,CL,No,Zapata Continua o corrida,Muy baja,Revisión prioritaria,pública_anonimizada,-79.1331714,-4.8624525
SPT-086,86,Loja,Loja,Zona técnica 04,2024,2041,3.8,24,2.36,,,,25.84,1.5,A-1-a,Grava limosa con arena gm no plastica color cafe amarillenta,GM,Sí,Zapata aislada cuadrada,Media,Media,pública_anonimizada,-79.2018812,-3.9798267
SPT-087,87,Loja,Loja,Zona técnica 04,2024,2041,3.45,56,5.46,,,,21.9,1.5,A-1-a,Grava limosa con arena gm no plastica color cafe amarillenta,GM,Sí,Zapata aislada cuadrada,Muy alta,Media,pública_anonimizada,-79.2018001,-3.9798627
SPT-088,88,Loja,Loja,Zona técnica 03,2024,2181,6,24,2.78,,,,9.05,1.5,A-4,Limo arenoso con bajo contenido de gravas ml no plastica color cafe amarilenta,ML,No,Zapata aislada cuadrada,Media,Media,pública_anonimizada,-79.2120209,-4.0166427
SPT-089,89,Loja,Loja,Zona técnica 03,2024,2170,6,32,3.25,,,,25.29,1.5,A-4,Grava limosa con arena gm no plastica color cafe amarillenta,GM,No,Zapata aislada cuadrada,Alta,Alta,pública_anonimizada,-79.2121018,-4.0167061
SPT-090,90,Loja,Loja,Zona técnica 03,2024,2169,6,20,2.57,,,,11.4,1.5,A-4,Limo con arena y bajo contenido de gravas ml no plastica color gris a cafe,ML,No,Zapata aislada cuadrada,Media,Media,pública_anonimizada,-79.2121647,-4.0167605
SPT-091,91,Loja,Loja,Zona técnica 04,2024,2100,2.3,25,3.36,29.7,15.9,13.9,9.74,1.5,A-6(8),Arcilla con arena cl de mediana plasticidad,CL,No,Zapata aislada cuadrada,Media,Alta,pública_anonimizada,-79.2063511,-3.9904613
SPT-092,92,Loja,Loja,Zona técnica 03,2024,2244,2.45,43,2.09,,,,4.06,1,A-1-a,Arena bien gradada con grava sw no plastica,SW,No,Zapata Continua o corrida,Muy alta,Alta,pública_anonimizada,-79.2176189,-4.0095747
SPT-093,93,Loja,Loja,Zona técnica 03,2024,2242,3,69,5.52,67.3,26.2,41.1,1.06,2.5,A-7-6(42),Arcilla con bajo contenido de arena de alta plasticidad,CH,No,Zapata aislada cuadrada,Muy alta,Alta,pública_anonimizada,-79.2175287,-4.0096378
SPT-094,94,Loja,Loja,Zona técnica 05,2024,2052,6,14,0.77,75.2,26.8,48.4,28.17,4.5,A-7-6(54),Arcilla ch de alta plasticidad color cafe oscuro a claro,CH,No,Zapata Continua o corrida,Baja,Revisión prioritaria,pública_anonimizada,-79.2112859,-3.9567708
SPT-095,95,Loja,Loja,Zona técnica 05,2024,2049,6,14,0.59,75.2,26.8,48.4,18.71,3.5,A-7-6(54),Arcilla ch de alta plasticidad color cafe oscuro a claro,CH,No,Zapata Continua o corrida,Baja,Revisión prioritaria,pública_anonimizada,-79.211358,-3.9567619
SPT-096,96,Loja,Loja,Zona técnica 04,2024,2097,6,7,0.58,34.8,27.2,7.6,5.48,1.5,A-4(6),Limo con arena ml de mediana plasticidad color gris claro,ML,No,Zapata aislada cuadrada,Muy baja,Revisión prioritaria,pública_anonimizada,-79.1872405,-4.0046429
SPT-097,97,Loja,Saraguro,Zona técnica 05,2024,2520,3.45,81,7.07,35.7,24.7,11,7.48,3.8,A-6(4),Limo arenoso con bajo contenido de gravas ml de mediana plasticidad color cafe oscuro,ML,No,Zapata aislada cuadrada,Muy alta,Alta,pública_anonimizada,-79.2371828,-3.622339
SPT-098,98,Loja,Loja,Zona técnica 02,2024,2177,5.45,26,3.42,,,,12.8,1.5,A-4,Arena limosa con grava sm no plastica color claro,SM,No,Zapata aislada cuadrada,Media,Alta,pública_anonimizada,-79.2112991,-4.025575
SPT-099,99,Loja,Calvas,Zona técnica 01,2024,1979,5.3,28,1.32,61.1,50.1,10.9,24.13,1.5,A-7-5(18),Limo con bajo contenido de arena mh de mediana plasticidad color cafe amarillento,MH,No,Zapata aislada cuadrada,Media,Condicionada,pública_anonimizada,-79.5548376,-4.3365662
SPT-100,100,Loja,Calvas,Zona técnica 01,2024,1975,6,8,0.36,68.5,49,19.5,39.17,1.5,A-7-5(29),Limo mh de alta plasticidad color cafe amarillento,MH,No,Zapata aislada cuadrada,Muy baja,Revisión prioritaria,pública_anonimizada,-79.5549184,-4.3366839
SPT-101,101,Loja,Loja,Zona técnica 05,2024,2039,5,10,0.62,68.9,23.4,45.5,23.8,1.2,A-7-6(20),Arcilla arenosa con bajos contenido de gravas ch de alta plasticidad,CH,No,Zapata aislada cuadrada,Baja,Revisión prioritaria,pública_anonimizada,-79.2179663,-3.9527161
SPT-102,102,Loja,Loja,Zona técnica 03,2024,2081,6,3,0.57,24,20.3,3.7,15.57,1.4,A-4(1),Limo con arena ml de baja plasticidad,ML,No,Zapata aislada cuadrada,Muy baja,Revisión prioritaria,pública_anonimizada,-79.2050542,-4.0071689
SPT-103,103,Loja,Loja,Zona técnica 05,2024,2287,6,21,1,,,,9,1.5,A-4,Arena limosa con grava sm no plastica,SM,No,Zapata aislada cuadrada,Media,Condicionada,pública_anonimizada,-79.2506831,-3.9583743
SPT-104,104,Loja,Loja,Zona técnica 05,2024,2286,6,17,1.17,,,,18.25,2,A-4,Arena limosa con grava sm no plastica,SM,No,Zapata aislada cuadrada,Baja,Condicionada,pública_anonimizada,-79.2506912,-3.9588264
SPT-105,105,Zamora Chinchipe,Chinchipe,Zona técnica 01,2024,1401,5.45,24,0.95,,,,31.31,1.5,A-4,Arena limosa sm no plastica,SM,No,Zapata aislada cuadrada,Media,Revisión prioritaria,pública_anonimizada,-79.1094305,-4.8648005
SPT-106,106,Zamora Chinchipe,Chinchipe,Zona técnica 01,2024,1693,6,9,0.71,47.8,31.8,16,48.16,2,A-7-5(19),Limo ml de mediana plasticidad,ML,No,Zapata aislada cuadrada,Muy baja,Revisión prioritaria,pública_anonimizada,-79.1641094,-4.8354385
SPT-107,107,Zamora Chinchipe,Chinchipe,Zona técnica 01,2024,1256,4.45,46,1.44,,,,8.65,1.5,A-2-4,Arena limosa sm no plastica color cafe amarillento,SM,No,Zapata Continua o corrida,Muy alta,Condicionada,pública_anonimizada,-79.1042716,-4.7592165
SPT-108,108,Zamora Chinchipe,Chinchipe,Zona técnica 01,2024,1644,5.45,13,3.1,,,,15.91,1.5,A-4,Arena limosa sm no plastica color cafe rojiza,SM,No,Zapata Continua o corrida,Baja,Condicionada,pública_anonimizada,-79.1974441,-4.8614526
SPT-109,109,Loja,Loja,Zona técnica 04,2024,2103,6.45,12,0.84,56.6,23.3,33.3,26.79,1,A-7-6(32),Arcilla con bajo contenido de arena ch de alta plasticidad color cafe claro,CH,No,Zapata Continua o corrida,Baja,Revisión prioritaria,pública_anonimizada,-79.2201911,-3.973365
SPT-110,110,Loja,Loja,Zona técnica 04,2024,2205,4.45,43,1.99,51.8,30.3,21.5,22.49,1.5,A-7-5(24),Limo con bajo contenido de arena mh de alta plasticidad color gris,MH,No,Zapata aislada cuadrada,Muy alta,Media,pública_anonimizada,-79.1913611,-3.9938102
SPT-111,111,Loja,Loja,Zona técnica 04,2024,2202,4.45,11,1.47,55.9,32.9,23.1,25.7,1.5,A-7-5(28),Limo mh de alta plasticidad color gris,MH,No,Zapata Continua o corrida,Baja,Condicionada,pública_anonimizada,-79.1913344,-3.9936836
SPT-112,112,Loja,Loja,Zona técnica 03,2024,2239,6,14,0.86,56.5,37.5,18.9,12.25,1.5,A-7-5(20),Limo con arena mh de alta plasticidad color cafe,MH,No,Zapata Continua o corrida,Baja,Revisión prioritaria,pública_anonimizada,-79.2188293,-4.0202565
SPT-113,113,Loja,Loja,Zona técnica 03,2024,2240,6,12,0.76,57.8,32.5,25.4,12.78,1.5,A-7-5(16),Limo arenoso mh de alta plasticidad color cafe,MH,No,Zapata Continua o corrida,Baja,Revisión prioritaria,pública_anonimizada,-79.2187936,-4.0201479
SPT-114,114,Loja,Loja,Zona técnica 03,2024,2240,6,8,0.51,66.1,38.3,27.8,13.29,1.5,A-7-5(24),Limo con arena mh de alta plasticidad color cafe,MH,No,Zapata Continua o corrida,Muy baja,Revisión prioritaria,pública_anonimizada,-79.2188296,-4.020148
SPT-115,115,Loja,Loja,Zona técnica 02,2025,2188,6,12,0.83,,,,14.8,2,A-4,Arena limosa con bajo contenido de grava sm no plastica color gris clara,SM,Sí,Zapata Continua o corrida,Baja,Revisión prioritaria,pública_anonimizada,-79.2096299,-4.0353191
SPT-116,116,Loja,Loja,Zona técnica 05,2025,2076,6,9,1.56,28.1,15.8,12.3,20.29,1.5,A-6(2),Arena arcillosa con grava sc de mediana plasticidad color cafe oscuro,SC,No,Zapata aislada cuadrada,Muy baja,Revisión prioritaria,pública_anonimizada,-79.2290558,-3.9414367
SPT-117,117,Loja,Loja,Zona técnica 05,2025,2077,6,17,0.57,,,,7.42,1.5,A-2-4,Arena limosa con grava sm no plastica color cafe oscuro,SM,No,Zapata aislada cuadrada,Baja,Revisión prioritaria,pública_anonimizada,-79.229128,-3.9413283
SPT-118,118,Loja,Loja,Zona técnica 03,2025,2247,6,9,0.42,76.5,11.3,65.2,28.26,2,A-7-6(57),Arcilla con arena chde alta plasticidad color gris,CH,No,Zapata Continua o corrida,Muy baja,Revisión prioritaria,pública_anonimizada,-79.2234038,-4.020149
SPT-119,119,Loja,Loja,Zona técnica 03,2025,2248,6,8,0.46,76.5,11.3,65.2,26.16,2,A-7-6(64),Arcilla ch de alta plasticidad color gris oscuro,CH,No,Zapata Continua o corrida,Muy baja,Revisión prioritaria,pública_anonimizada,-79.2235299,-4.0201402
SPT-120,120,Loja,Loja,Zona técnica 01,2025,1608.58,3,51,2.81,,,,9.01,1.5,A-1-a,Grava bien gradada con arena gw no plastica color gris,GW,Sí,Zapata Continua o corrida,Muy alta,Media,pública_anonimizada,-79.2179945,-4.3271775
SPT-121,121,Loja,Loja,Zona técnica 01,2025,1605.93,3,36,5.33,,,,18.21,1.5,A-1-a,Arena mal gradada con grava sp no plastica color gris,SP,Sí,Zapata Continua o corrida,Alta,Media,pública_anonimizada,-79.219036,-4.3279555
SPT-122,122,Loja,Loja,Zona técnica 04,2025,2074,5.45,24,1.51,,,,10.27,2,A-1-a,Grava mal gradada con limo con arena gp gm no plastica color gris,GP-GM,Sí,Zapata aislada cuadrada,Media,Media,pública_anonimizada,-79.2035846,-4.0039285
SPT-123,123,Loja,Loja,Zona técnica 04,2025,2142,1.45,94,4.15,,,,4.28,1,A-4,Arena limosa sm no plastica color cafe grisaceo,SM,No,Zapata aislada cuadrada,Muy alta,Alta,pública_anonimizada,-79.2107142,-3.9880837
SPT-124,124,Loja,Loja,Zona técnica 04,2025,2138,1.45,134,9.53,,,,3.5,1,A-1-b,Arena limosa con grava sm no plastica color cafe grisaceo,SM,No,Zapata aislada cuadrada,Muy alta,Alta,pública_anonimizada,-79.2106152,-3.9880834
SPT-125,125,Loja,Loja,Zona técnica 01,2025,1530,6,4,0.53,,,,16.15,2,A-1-b,Arena mal gradada con grava sp no plastica color gris,SP,Sí,Zapata aislada cuadrada,Muy baja,Revisión prioritaria,pública_anonimizada,-79.2221156,-4.2546001
SPT-126,126,Loja,Loja,Zona técnica 02,2025,1613,6,9,0.71,68.9,20.3,48.7,23.54,1.5,A-7-6(38),Arcilla con arena ch de alta plasticidad color cafe amarillento,CH,No,Zapata aislada cuadrada,Muy baja,Revisión prioritaria,pública_anonimizada,-79.2499691,-4.2009418
SPT-127,127,Loja,Loja,Zona técnica 02,2025,1614,6,14,1.11,72.4,17.5,54.9,17.92,1.5,A-7-6(48),Arcilla con arena ch de alta plasticidad color cafe amarillento,CH,No,Zapata aislada cuadrada,Baja,Condicionada,pública_anonimizada,-79.2499603,-4.2008152
SPT-128,128,Loja,Loja,Zona técnica 02,2025,1612,6,6,0.46,76.5,11.3,65.2,19.54,1.5,A-7-6(64),Arcilla ch de alta plasticidad color cafe oscuro (suelo organico),CH,No,Zapata aislada cuadrada,Muy baja,Revisión prioritaria,pública_anonimizada,-79.2498525,-4.2007155
SPT-129,129,Loja,Loja,Zona técnica 02,2025,1589,2,107,10.08,,,,3.38,1,A-1-b,Grava limosa con arena gm no plastica color gris,GM,No,Zapata aislada cuadrada,Muy alta,Alta,pública_anonimizada,-79.2168158,-4.1970688
SPT-130,130,Loja,Loja,Zona técnica 02,2025,1592,3,36,2.12,,,,14.03,1.5,A-1-a,Arena mal gradada con grava sp no plastica color gris,SP,No,Zapata aislada cuadrada,Alta,Alta,pública_anonimizada,-79.217122,-4.1970695
SPT-131,131,Loja,Catamayo,Zona técnica 04,2025,1279,3,29,2.89,40.5,24.8,15.8,11.02,1.5,A-7-6(10),Arcilla arenosa cl de mediana plasticidad color cafe,CL,No,Zapata aislada cuadrada,Media,Alta,pública_anonimizada,-79.3651558,-3.9707899
SPT-132,132,Loja,Loja,Zona técnica 04,2025,2075,3,23,1.35,35.6,21.4,14.2,16.79,1.2,A-6(12),Arcilla con bajo contenido de arena cl de mediana plasticidad,CL,No,Zapata aislada cuadrada,Media,Condicionada,pública_anonimizada,-79.2069548,-3.9819537
SPT-133,133,Loja,Loja,Zona técnica 02,2025,2161,2.45,44,1.57,,,,15.08,1.2,A-1-a,Grava mal gradada con arena gp no plastica color gris,GP,No,Zapata aislada cuadrada,Muy alta,Media,pública_anonimizada,-79.1988201,-4.0250501
SPT-134,134,Loja,Loja,Zona técnica 03,2025,2196,6,11,0.84,74.6,26.6,48,34.93,1.8,A-7-6(41),Arcilla con arena ch de alta plasticidad color cafe oscuro,CH,No,Zapata aislada cuadrada,Baja,Revisión prioritaria,pública_anonimizada,-79.2136379,-4.0183914
SPT-135,135,Loja,Loja,Zona técnica 02,2025,2204,6,8,0.44,29.7,21.3,8.4,24.3,3,A-4(4),Arcilla con arena cl de mediana plasticidad color cafe oscura,CL,No,Zapata aislada cuadrada,Muy baja,Revisión prioritaria,pública_anonimizada,-79.2029076,-4.0416792
SPT-136,136,Loja,Loja,Zona técnica 04,2025,2108,6,16,1.28,26.9,12.1,14.8,18.77,1.5,A-6(3),Arena arcillosa con bajo contenido de grava sc de mediana plasticidad color cafe,SC,Sí,Zapata Continua o corrida,Baja,Condicionada,pública_anonimizada,-79.2097417,-4.0005963
SPT-137,137,Loja,Loja,Zona técnica 04,2025,2107,6,23,1.54,24.6,21.3,3.3,12.78,1.5,A-4(0),Arena limosa sm baja plasticidad color cafe,SM,Sí,Zapata Continua o corrida,Media,Media,pública_anonimizada,-79.2096785,-4.0006685
SPT-138,138,Loja,Loja,Zona técnica 04,2025,2146,6,12,1.43,69.4,41.4,28,24.83,1.5,A-7-5(36),Limo mh de alta plasticidad color cafe amarillento,MH,Sí,Zapata aislada cuadrada,Baja,Condicionada,pública_anonimizada,-79.2243631,-3.9802915
SPT-139,139,Loja,Loja,Zona técnica 04,2025,2075,3.45,23,2.13,46.2,32.7,13.5,19.56,1.5,A-7-5(5),Limo con arena ml de mediana plasticidad color cafe amarillento,ML,No,Zapata aislada cuadrada,Media,Media,pública_anonimizada,-79.2127395,-3.9716579
SPT-140,140,Loja,Catamayo,Zona técnica 05,2025,1266,3,25,1.29,,,,14.46,2,A-2-4,Arena limosa sm no plastica color cafe,SM,No,Zapata Continua o corrida,Media,Condicionada,pública_anonimizada,-79.3873631,-3.9605424
SPT-141,141,Loja,Catamayo,Zona técnica 05,2025,1266,4,12,1.27,,,,21.9,2,A-2-4,Arena limosa sm no plastica color cafe,SM,No,Zapata Continua o corrida,Baja,Condicionada,pública_anonimizada,-79.3873901,-3.9605696
SPT-142,142,Loja,Loja,Zona técnica 04,2025,2076,6,9,0.76,,,,11.27,2,A-1-a,Grava limosa con arena gm no plastica color gris,GM,No,Zapata aislada cuadrada,Muy baja,Revisión prioritaria,pública_anonimizada,-79.2061318,-4.0002177
SPT-143,143,Loja,Catamayo,Zona técnica 05,2025,1271,5.45,29,1.59,45,23.6,21.3,12.36,1.2,A-2-7(2),Arena arcillosa con grava sc de alta plasticidad color cafe,SC,No,Zapata aislada cuadrada,Media,Media,pública_anonimizada,-79.3793828,-3.9663507
SPT-144,144,Loja,Loja,Zona técnica 03,2025,2259,3.45,26,2.45,56.1,26.7,29.4,9.48,2.2,A-7-6(13),Arcilla arenoso con bajo contenido de grava ch de alta plasticidad color cafe oscuro,CH,No,Zapata Continua o corrida,Media,Alta,pública_anonimizada,-79.2204901,-4.0184245
SPT-145,145,Loja,Loja,Zona técnica 03,2025,2257,4,22,1.9,54.6,21.2,33.4,8.93,2.2,A-7-6(9),Arena arcillosa con grava sc de alta plasticidad color gris,SC,No,Zapata aislada cuadrada,Media,Media,pública_anonimizada,-79.220355,-4.0184333
SPT-146,146,Loja,Loja,Zona técnica 04,2025,2226,5.45,14,1.18,89.5,28.7,60.8,19.81,2,A-7-6(67),Arcilla ch de alta plasticidad color cafe oscuro (suelo organico),SC,No,Zapata aislada cuadrada,Baja,Condicionada,pública_anonimizada,-79.2308947,-3.9785604
SPT-147,147,Loja,Loja,Zona técnica 04,2025,2092,2.45,21,1.85,30.4,17.4,13.1,7.2,1.2,A-6(8),Arcilla con arena cl de mediana palsticidad color cafe oscuro,CL,No,Zapata aislada cuadrada,Media,Media,pública_anonimizada,-79.2083761,-3.9825807
SPT-148,148,Loja,Catamayo,Zona técnica 05,2025,1276,6,15,1.25,44.5,25.4,19.1,8.09,1.5,A-7-6(16),Arcilla con arena cl de alta plasticidad color cafe rojizo,CL,No,Zapata aislada cuadrada,Baja,Condicionada,pública_anonimizada,-79.38557,-3.961172
SPT-149,149,Loja,Catamayo,Zona técnica 05,2025,1275,6,17,1.38,67.6,27.6,39.9,11.09,1.5,A-7-6(31),Arcilla con arena Ch de alta plasticidad color cafe,CH,Sí,Zapata aislada cuadrada,Baja,Condicionada,pública_anonimizada,-79.3854529,-3.9611627
SPT-150,150,Loja,Loja,Zona técnica 04,2025,2054,6,12,0.97,50.5,29.1,21.4,30.44,1.2,A-7-6(19),Limo con arena mh de alta plasticidad color amarillento grisaceo,MH,No,Zapata aislada cuadrada,Baja,Revisión prioritaria,pública_anonimizada,-79.1959316,-3.9706537
SPT-151,151,Loja,Loja,Zona técnica 03,2025,2087,5.45,22,1.98,21.6,14.9,6.7,13.11,1.2,A-4(1),Arcilla limoarenoso cl-ml de mediana plasticidad color cafe,CL-ML,No,Zapata Continua o corrida,Media,Media,pública_anonimizada,-79.2022603,-4.0083473
SPT-152,152,Loja,Loja,Zona técnica 02,2025,2134,6.45,22,1.91,21.3,17.7,3.6,16.93,2,A-4(0),Arena limosa sm de baja plasticidad color cafe amarillento,SM,Sí,Zapata aislada cuadrada,Media,Media,pública_anonimizada,-79.2054767,-4.028067
SPT-153,153,Loja,Loja,Zona técnica 02,2025,2134,3.45,48,4.68,25.9,17.5,8.4,17.45,2,A-4(2),Arcilla arenosa cl mediana plasticidad color cafe amarillento,CL,No,Zapata aislada cuadrada,Muy alta,Alta,pública_anonimizada,-79.2054945,-4.0281574
SPT-154,154,Loja,Loja,Zona técnica 02,2025,2175,6.45,15,1.23,40.7,20.4,20.2,19.53,3,A-7-6(17),Arcilla con bajo contenido de arena cl de alta plasticidad color cafe oscuro,CL,No,Zapata aislada cuadrada,Baja,Condicionada,pública_anonimizada,-79.2111374,-4.0254029
SPT-155,155,Loja,Loja,Zona técnica 02,2025,2174,6.45,11,0.93,26.6,15.3,11.3,19.07,3,A-6(2),Grava arcillosa con arena gc de mediana plasticidad color cafe oscuro,GC,No,Zapata aislada cuadrada,Baja,Revisión prioritaria,pública_anonimizada,-79.2111281,-4.0255204
SPT-156,156,Loja,Chaguarpamba,Zona técnica 05,2025,1303,6,25,0.72,49.4,32,17.4,36.41,2,A-7-5(21),Limo ml de mediana plasticidad color cafe amarillento,ML,No,Zapata aislada cuadrada,Media,Revisión prioritaria,pública_anonimizada,-79.6443234,-3.8823726
SPT-157,157,Zamora Chinchipe,Centinela Del Condor,Zona técnica 05,2025,824,4,39,1.9,38.2,27.4,10.8,27.44,2,A-2-6(0),Arena limosa con grava sm mediana plasticidad color gris con tonos cafe naranja,SM,No,Zapata aislada cuadrada,Alta,Media,pública_anonimizada,-78.8045355,-3.9027241
SPT-158,158,Zamora Chinchipe,Centinela Del Condor,Zona técnica 05,2025,828,3,32,1.56,,,,30.91,2,A-2-4,Arena limosa con grava sm no plastica color gris con tonos cafe naranja,SM,No,Zapata Continua o corrida,Alta,Media,pública_anonimizada,-78.8045537,-3.9026428
SPT-159,159,Zamora Chinchipe,Centinela Del Condor,Zona técnica 05,2025,830,3,5,0.8,34.2,27.2,7,11.25,2,A-4(4),Limo con arena y con bajo contenido de gravas ml de mediana plasticidad color gris con tonos cafe naranja,ML,No,Zapata Continua o corrida,Muy baja,Revisión prioritaria,pública_anonimizada,-78.8046889,-3.9025798
SPT-160,160,Loja,Loja,Zona técnica 02,2025,2125,6,17,0.9,54.9,25.7,29.3,9.66,2,A-7-6(28),Arcilla con bajo contenido de arena ch de alta plasticidad colo cafe blanquesino,CH,No,Zapata aislada cuadrada,Baja,Revisión prioritaria,pública_anonimizada,-79.2048513,-4.025823
SPT-161,161,Loja,Loja,Zona técnica 03,2025,2090,5.45,8,0.41,,,,4.64,5,A-2-4,Arena limosa con grava sm no plastica color gris,SM,No,Zapata Continua o corrida,Muy baja,Revisión prioritaria,pública_anonimizada,-79.2022513,-4.0083292
SPT-162,162,Loja,Loja,Zona técnica 03,2025,2089,5.15,5,0.31,,,,6.59,5,A-1-a,Grava bien gradada con limo con arena gw gm no plastica color gris,GW-GM,No,Zapata Continua o corrida,Muy baja,Revisión prioritaria,pública_anonimizada,-79.2021614,-4.0082748
SPT-163,163,Loja,Loja,Zona técnica 03,2025,2089,5.3,7,0.41,,,,5.34,5,A-1-a,Grava bien gradada con limo con arena gw gm no plastica color gris,GW-GM,No,Zapata Continua o corrida,Muy baja,Revisión prioritaria,pública_anonimizada,-79.2022513,-4.0083383
SPT-164,164,Loja,Calvas,Zona técnica 01,2025,1965,6,17,1.46,65.4,42.8,22.7,34.82,1.5,A-7-5(20),Limo con arena mh de alta plasticidad color cafe naranja,MH,No,Zapata aislada cuadrada,Baja,Condicionada,pública_anonimizada,-79.5537249,-4.3246894
SPT-165,165,Loja,Loja,Zona técnica 01,2025,1515,4,34,1.18,,,,7.77,1.2,A-2-4,Grava limosa con arena gm no plastica color cafe oscuro,GM,No,Zapata aislada cuadrada,Alta,Condicionada,pública_anonimizada,-79.2611922,-4.3049667
SPT-166,166,Loja,Loja,Zona técnica 04,2025,2112,5.5,14,1.11,16.7,11,5.7,7.89,1.5,A-4(1),Arcilla limosa con arena cl-ml de baja plasticidad color cafe amarillenta,CL-ML,No,Zapata aislada cuadrada,Baja,Condicionada,pública_anonimizada,-79.1951592,-3.994533
SPT-167,167,Loja,Loja,Zona técnica 04,2025,2110,3.45,14,2.04,31.6,22.7,8.9,14,1.5,A-4(8),Arcilla con bajo contenido de arena cl de mediana plasticidad color cafe amarillenta,CL,No,Zapata Continua o corrida,Baja,Condicionada,pública_anonimizada,-79.1990026,-3.9744582
SPT-168,168,Loja,Loja,Zona técnica 05,2025,2014,6.45,14,1.13,,,,24.44,1.5,A-4,Limo con arena ml no plastica color cafe,ML,No,Zapata aislada cuadrada,Baja,Condicionada,pública_anonimizada,-79.2253026,-3.9408138
SPT-169,169,Loja,Catamayo,Zona técnica 04,2025,1289,6,19,1.03,,,,4.81,1.2,A-1-b,Arena limosa con grava sm no plastica color gris,SM,No,Zapata aislada cuadrada,Baja,Condicionada,pública_anonimizada,-79.3545358,-3.9997973
SPT-170,170,Loja,Loja,Zona técnica 02,2025,2158,4.45,16,1.32,39.6,24.4,15.2,15.68,1.5,A-6(14),Arcilla con bajo contenido de arena cl de mediana plasticidad color cafe amarillento,CL,No,Zapata aislada cuadrada,Baja,Condicionada,pública_anonimizada,-79.2077704,-4.025088
SPT-171,171,Loja,Loja,Zona técnica 03,2025,2231,6.45,9,0.7,74.4,31.4,43,6.63,1,A-7-5(39),Arcilla con arena ch de alta plasticidad color cafe oscuro,CH,No,Zapata Continua o corrida,Muy baja,Revisión prioritaria,pública_anonimizada,-79.2173811,-4.0196023
SPT-172,172,Loja,Loja,Zona técnica 03,2025,2228,6.45,18,0.86,,,,5.12,1.5,A-4,Arena limosa con grava sm no plastica color cafe amarillento,SM,No,Zapata Continua o corrida,Baja,Revisión prioritaria,pública_anonimizada,-79.2173289,-4.0187431
SPT-173,173,Loja,Loja,Zona técnica 03,2025,2213,6.45,21,0.91,,,,8.48,1,A-1-a,Grava limosa con arena gm no plastica color cafe (material de mejoramiento),GM,No,Zapata Continua o corrida,Media,Revisión prioritaria,pública_anonimizada,-79.2139848,-4.0203544
SPT-174,174,Loja,Loja,Zona técnica 03,2025,2212,6.45,16,1.48,18.8,11,7.7,13.42,1,A-4(2),Arcilla con arena cl de mediana plasticidad color cafe amarillento claro,CL,No,Zapata Continua o corrida,Baja,Condicionada,pública_anonimizada,-79.2139399,-4.020291
SPT-175,175,Loja,Loja,Zona técnica 03,2025,2216,6.45,6,1.01,26,19.3,6.7,16.93,1,A-4(4),Arcilla limosa con bajo contenido de arena cl-ml de mediana plasticidad color cafe amrallineto claro,CL-ML,No,Zapata Continua o corrida,Muy baja,Revisión prioritaria,pública_anonimizada,-79.2140568,-4.0203636
SPT-176,176,Loja,Loja,Zona técnica 03,2025,2096,6,38,3.9,,,,3.66,2,A-1-a,Grava limosa con arena gm no plastica color gris,GM,No,Zapata aislada cuadrada,Alta,Alta,pública_anonimizada,-79.203649,-4.0156657
SPT-177,177,Loja,Loja,Zona técnica 03,2025,2096,6.45,13,1.44,,,,6.92,2,A-1-b,Arena limosa con grava sm no plastica color gris,SM,No,Zapata aislada cuadrada,Baja,Condicionada,pública_anonimizada,-79.2035949,-4.0156747
SPT-178,178,Loja,Loja,Zona técnica 03,2025,2096,5.45,12,1.37,,,,6.87,2,A-1-a,Arena limosa con grava smn no plastica color gris,SM,No,Zapata aislada cuadrada,Baja,Condicionada,pública_anonimizada,-79.203559,-4.0156475
SPT-179,179,Loja,Loja,Zona técnica 04,2025,2085,6,10,0.48,24.6,15.7,8.8,21.59,3,A-4(1),Arena arcillosa con grava sc de mediana plasticidad color cafe amarillenta,SC,Sí,Zapata Continua o corrida,Baja,Revisión prioritaria,pública_anonimizada,-79.2062388,-4.0048386
SPT-180,180,Loja,Loja,Zona técnica 01,2025,1623,5.2,11,1.03,,,,9.01,1.5,A-1-a,Grava bien gradada con arena gw no plastica color gris,GW,Sí,Zapata aislada cuadrada,Baja,Condicionada,pública_anonimizada,-79.2166789,-4.3268095
SPT-181,181,Loja,Loja,Zona técnica 01,2025,1622,2.5,64,3.55,,,,18.21,1.5,A-1-a,Arena mal gradada con grava sp no plastica color gris,SP,No,Zapata aislada cuadrada,Muy alta,Alta,pública_anonimizada,-79.216769,-4.3268278
SPT-182,182,Loja,Loja,Zona técnica 04,2025,2110,3.5,12,1.03,48.7,23.9,24.8,9.99,1.2,A-7-6(24),Arcilla con bajo contenido de arena cl de alta plasticidad color cafe grisaceo,CL,No,Zapata aislada cuadrada,Baja,Condicionada,pública_anonimizada,-79.2094011,-3.9832431
SPT-183,183,Loja,Chaguarpamba,Zona técnica 05,2025,1364,4.5,19,1.27,31,27.2,3.9,21.47,2,A-4(2),Limo con arena ml de baja plasticidad color cafe amarillenta,ML,No,Zapata Continua o corrida,Baja,Condicionada,pública_anonimizada,-79.6464919,-3.8777363
SPT-184,184,Loja,Loja,Zona técnica 02,2025,2106,6,10,1.01,32.9,15.5,17.4,20.03,1.2,A-6(8),Arcilla arenosa cl de mediana plasticidad color gris,CL,Sí,Zapata aislada cuadrada,Baja,Condicionada,pública_anonimizada,-79.2013858,-4.0211857
SPT-185,185,Loja,Loja,Zona técnica 02,2025,2143,6,15,1.38,18,16,2,30.4,2,A-1-a(0),Arena mal gradada con gravas sp de baja plasticidad color cafe,SP,No,Zapata aislada cuadrada,Baja,Condicionada,pública_anonimizada,-79.1996718,-4.0226377
SPT-186,186,Loja,Loja,Zona técnica 02,2025,1524,6.45,29,1.57,,,,3.23,2,A-1-b,Arena limosa con grava sm no plastica color cafe oscuro,SM,No,Zapata aislada cuadrada,Media,Media,pública_anonimizada,-79.2625036,-4.2143711
SPT-187,187,Loja,Loja,Zona técnica 01,2025,1597,3.3,40,2.8,,,,12.8,1.5,A-2-4,Arena limosa con grava sm no plastica color cafe claro,SM,No,Zapata aislada cuadrada,Muy alta,Alta,pública_anonimizada,-79.2413723,-4.2252186
SPT-188,188,Loja,Loja,Zona técnica 01,2025,1596,3.45,44,3.32,39.9,12.5,27.3,18.21,1.5,A-6(5),Grava arcillosa con arena gc de alta plasticidad color cafe oscuro,GC,No,Zapata aislada cuadrada,Muy alta,Alta,pública_anonimizada,-79.2413613,-4.225112
SPT-189,189,Loja,Loja,Zona técnica 04,2025,2155,6,12,0.76,44.6,24,20.5,21.24,2,A-7-6(20),Arcilla con bajo contenido de arena cl de alta plasticidad color cafe amarillento,CL,No,Zapata Continua o corrida,Baja,Revisión prioritaria,pública_anonimizada,-79.1969331,-4.0068707
SPT-190,190,Loja,Loja,Zona técnica 03,2025,2155,6.45,18,1.21,42.5,22.5,20,19.03,2,A-7-6(20),Arcilla con bajo contenido de arena cl de alta plasticidad color cafe amarillento,CL,No,Zapata Continua o corrida,Baja,Condicionada,pública_anonimizada,-79.1969317,-4.0075037
SPT-191,191,Loja,Loja,Zona técnica 03,2025,2156,4.45,16,1.03,52,29.6,22.4,24.92,2,A-7-6(21),Limo con arena de alta plasticidad color cafe amarillento,MH,No,Zapata Continua o corrida,Baja,Condicionada,pública_anonimizada,-79.1969316,-4.0075489
SPT-192,192,Loja,Espindola,Zona técnica 01,2025,1318,5.5,41,4.88,46.2,32.2,14.1,24.16,1.5,A-7-5(7),Limo arenoso ml de mediana plasticidad color cafe amarillento a naranja,ML,No,Zapata aislada cuadrada,Muy alta,Alta,pública_anonimizada,-79.4581533,-4.4444359
SPT-193,193,Loja,Loja,Zona técnica 02,2025,2130,6,17,1.04,30.4,22.3,8.1,15.15,2,A-4(3),Arcilla arenosa cl de mediana plasticidad color cafe,CL,No,Zapata Continua o corrida,Baja,Condicionada,pública_anonimizada,-79.2054995,-4.0259149
SPT-194,194,Loja,Loja,Zona técnica 02,2025,2130,6,17,0.92,33.4,15.2,18.2,17.87,2,A-6(3),Arcilla arenoso con bajo contenido de gravas cl de mediana plasticidad color cafe,CL,No,Zapata Continua o corrida,Baja,Revisión prioritaria,pública_anonimizada,-79.2054813,-4.0259962
SPT-195,195,Loja,Loja,Zona técnica 03,2025,2093,6,10,0.76,,,,17.26,2,A-4,Arena limosa sm no plastica color cafe amarillento,SM,Sí,Zapata Continua o corrida,Baja,Revisión prioritaria,pública_anonimizada,-79.2019095,-4.0081838
SPT-196,196,Loja,Loja,Zona técnica 03,2025,2092,6,10,0.73,,,,15.26,2,A-4,Arena limosa con bajo contenido de grava sm no plastica color cafe amarillento,SM,Sí,Zapata Continua o corrida,Baja,Revisión prioritaria,pública_anonimizada,-79.2020626,-4.0081932
SPT-197,197,Loja,Loja,Zona técnica 05,2025,2026,6.45,20,0.98,34,20.9,13,23.74,2,A-6(2),Grava arcillosa con arena gc de mediana plasticidad color cafe oscuro,GC,Sí,Zapata aislada cuadrada,Media,Revisión prioritaria,pública_anonimizada,-79.2080329,-3.9663668
SPT-198,198,Loja,Loja,Zona técnica 05,2025,2026,6.45,52,0.98,37.7,20.1,17.6,5.15,2,A-6(13),Arcilla con arena cl de mediana plasticidad color cafe oscuro,CL,Sí,Zapata aislada cuadrada,Muy alta,Revisión prioritaria,pública_anonimizada,-79.2080508,-3.9664392
SPT-199,199,Loja,Loja,Zona técnica 05,2025,2026,6.45,22,0.97,29.8,16.9,12.9,4.98,2,A-6(7),Arcilla con arena y con bajo contenido de gravas cl de mediana plasticidad color cafe oscuro,CL,Sí,Zapata aislada cuadrada,Media,Revisión prioritaria,pública_anonimizada,-79.2080779,-3.9663941
SPT-200,200,Loja,Loja,Zona técnica 02,2025,2306,6,14,1.74,38.4,26.3,12,21.47,1.5,A-6(11),Limo con bajo contenido de arena ml de mediana plasticidad color cafe amarillento,ML,Sí,Zapata Continua o corrida,Baja,Condicionada,pública_anonimizada,-79.2158813,-4.0425488
SPT-201,201,Loja,Loja,Zona técnica 04,2025,2058,6,23,1.62,39.4,23.8,15.6,7.28,2,A-6(17),Arcilla cl de mediana plasticidad color cafe,CL,No,Zapata Continua o corrida,Media,Media,pública_anonimizada,-79.2062149,-3.9868531
SPT-202,202,Loja,Loja,Zona técnica 02,2025,1559,2.5,66,3.34,,,,3.63,1.2,A-2-4,Grava limosa con arena gm no plastica color cafe claro,GM,No,Zapata aislada cuadrada,Muy alta,Alta,pública_anonimizada,-79.2435547,-4.2217525
SPT-203,203,Loja,Loja,Zona técnica 01,2025,1557,5.5,65,3.32,44.8,16.3,28.4,6.17,1.2,A-7-6(20),Arcilla con arena cl de alta plasticidad color cafe claro,CL,No,Zapata aislada cuadrada,Muy alta,Alta,pública_anonimizada,-79.2437524,-4.2219519
SPT-204,204,Loja,Loja,Zona técnica 04,2025,2138,6,11,0.85,69.3,33.2,36.1,32.01,4,A-7-5(40),Arcilla con bajo contenido de arena ch de alta plasticidad color gris blaquesino,CH,No,Zapata Continua o corrida,Baja,Revisión prioritaria,pública_anonimizada,-79.2217946,-3.9771934
SPT-205,205,Loja,Loja,Zona técnica 04,2025,2137,6,48,0.92,82.5,32.5,50,34.03,4,A-7-5(53),Arcilla con bajo contenido de arena ch de alta plasticidad color gris blaquesino,CH,No,Zapata Continua o corrida,Muy alta,Revisión prioritaria,pública_anonimizada,-79.2216956,-3.977157
SPT-206,206,Loja,Loja,Zona técnica 05,2025,2080,6,11,0.85,67.9,25,43,31.14,1.8,A-7-6(46),Arcilla ch de alta plasticidad color cafe oscuro (suelo organico),CH,No,Zapata Continua o corrida,Baja,Revisión prioritaria,pública_anonimizada,-79.2090806,-3.9573624
SPT-207,207,El Oro,Portovelo,Zona técnica 05,2025,742,5,16,1.31,,,,12.08,2,A-4,Arena limosa sm no plastica color cafe naranja,SM,No,Zapata aislada cuadrada,Baja,Condicionada,pública_anonimizada,-79.6124775,-3.7338591
SPT-208,208,El Oro,Portovelo,Zona técnica 05,2025,707,5,27,1.87,,,,18.68,2,A-1-b,Arena limosa sm no plastica color cafe naranja,SM,No,Zapata aislada cuadrada,Media,Media,pública_anonimizada,-79.6116665,-3.7400441
SPT-209,209,Zamora Chinchipe,Zamora,Zona técnica 01,2025,1171,6.5,8,0.74,28.5,19.6,8.9,20.76,2,A-4(2),Arcilla arenosa cl de mediana palsticidad color cafe oscuro,CL,No,Zapata Continua o corrida,Muy baja,Revisión prioritaria,pública_anonimizada,-79.1333035,-4.6528792
SPT-210,210,Zamora Chinchipe,Zamora,Zona técnica 01,2025,1140,6,24,1.38,28.4,19.5,8.9,14.69,1.5,A-4(4),Arcilla arenosa cl de mediana plasticidad color cafe,CL,No,Zapata Continua o corrida,Media,Condicionada,pública_anonimizada,-79.131792,-4.651971
SPT-211,211,Zamora Chinchipe,Zamora,Zona técnica 01,2025,1132,3,34,1.65,,,,9.17,2,A-1-b,Arena limosa con bajo contenido de grava sm no plastica color cafe naranja,SM,No,Zapata Continua o corrida,Alta,Media,pública_anonimizada,-79.1314095,-4.6500712
SPT-212,212,Zamora Chinchipe,Zamora,Zona técnica 01,2025,1133,6,10,1.16,,,,9.38,3,A-1-b,Arena limosa con grava sm no plastica color cafe (relleno),SM,No,Zapata Continua o corrida,Baja,Condicionada,pública_anonimizada,-79.1308976,-4.6494098
SPT-213,213,Loja,Loja,Zona técnica 02,2025,1582,6,11,1.07,57,32.3,24.8,16.39,1.8,A-7-5(20),Limo con arena mh de alta plasticidad color gris clara,MH,No,Zapata Continua o corrida,Baja,Condicionada,pública_anonimizada,-79.2856633,-4.1964727
SPT-214,214,Loja,Loja,Zona técnica 02,2025,1585,4.5,17,1.44,47,33.3,13.7,18.68,1.8,A-7-5(7),Limo con arena y con bajo contenido de gravas ml de mediana plasticidad color gris,ML,No,Zapata Continua o corrida,Baja,Condicionada,pública_anonimizada,-79.2858614,-4.1965003
SPT-215,215,Loja,Loja,Zona técnica 02,2025,2214,3.5,16,1.09,,,,16.24,2,A-1-b,Grava limosa con arena gm no plastica color cafe (material de mejoramiento),GM,No,Zapata Continua o corrida,Baja,Condicionada,pública_anonimizada,-79.2139936,-4.0204177
SPT-216,216,Loja,Loja,Zona técnica 02,2025,2217,4.5,16,1.08,31.7,21.2,10.4,14.41,2,A-4(6),Limo mh de alta plasticidad color cafe amarillento claro,MH,No,Zapata Continua o corrida,Baja,Condicionada,pública_anonimizada,-79.2139999,-4.0216565
SPT-217,217,Loja,Loja,Zona técnica 02,2025,2218,6,6,0.77,31.4,20.6,10.9,18.26,2,A-6(5),Arcilla con arena cl de mediana plasticidad color cafe oscuro,CL,No,Zapata Continua o corrida,Muy baja,Revisión prioritaria,pública_anonimizada,-79.2139726,-4.0218012
SPT-218,218,Loja,Calvas,Zona técnica 01,2025,1919,6,19,1.46,37.6,27.1,10.5,21.51,3,A-6(3),Limo gravoso con arena ml de mediana plasticidad color cafe naranja,ML,No,Zapata Continua o corrida,Baja,Condicionada,pública_anonimizada,-79.5517938,-4.3168265
SPT-219,219,Loja,Calvas,Zona técnica 01,2025,1918,6,20,1.61,37.6,27.1,10.5,27.32,3,A-6(3),Limo gravoso con arena ml de mediana plasticidad color cafe naranja,ML,No,Zapata Continua o corrida,Media,Media,pública_anonimizada,-79.5518388,-4.3168719
SPT-220,220,Loja,Catamayo,Zona técnica 04,2025,1261,6,12,2.32,37.3,23.2,14.1,11.25,2,A-6(7),Arcilla con arena y con bajo contenido de gravas cl de mediana plasticidad color cafe oscuro,CL,No,Zapata aislada cuadrada,Baja,Condicionada,pública_anonimizada,-79.3604299,-3.988252
SPT-221,221,Loja,Catamayo,Zona técnica 04,2025,1262,6,5,1.32,37.3,23.2,14.1,8.02,2,A-6(4),Arena arcillosa con bajo contenido de grava sc de mediana plasticidad color cafe oscuro,SC,No,Zapata aislada cuadrada,Muy baja,Revisión prioritaria,pública_anonimizada,-79.360376,-3.9881976
SPT-222,222,El Oro,Portovelo,Zona técnica 05,2025,904,3,18,1.08,,,,31.45,1.5,A-1-b,Arena limosa con grava sm no plastica color cafe amarillenta,SM,Sí,Zapata aislada cuadrada,Baja,Condicionada,pública_anonimizada,-79.6441306,-3.7585366
SPT-223,223,El Oro,Portovelo,Zona técnica 05,2025,903,2.5,56,3.37,,,,5.69,1.5,A-1-b,Arena limosa con grava sm no plastica color cafe amarillenta,SM,Sí,Zapata aislada cuadrada,Muy alta,Media,pública_anonimizada,-79.6443557,-3.7585369
SPT-224,224,Loja,Loja,Zona técnica 05,2026,2018,4.45,13,2.23,34,20.9,13,23.74,3,A-6(2),Grava arcillosa con arena gc de mediana plasticidad color cafe oscuro,GC,Sí,Zapata Continua o corrida,Baja,Condicionada,pública_anonimizada,-79.2131423,-3.96022
SPT-225,225,Loja,Loja,Zona técnica 05,2026,2018,5.45,10,2.23,37.7,20.1,17.6,5.15,3,A-6(13),Arcilla con arena cl de mediana plasticidad color cafe oscuro,CL,Sí,Zapata Continua o corrida,Baja,Condicionada,pública_anonimizada,-79.2131874,-3.960193
SPT-226,226,Loja,Calvas,Zona técnica 01,2025,2056,4.45,19,1.08,77.9,54.1,23.8,38.85,1.5,A-7-5(35),Limo mh de alta plasticidad color cafe naranja,MH,No,Zapata Continua o corrida,Baja,Condicionada,pública_anonimizada,-79.5617801,-4.3338211
SPT-227,227,Loja,Loja,Zona técnica 05,2025,2014,4.5,10,1.3,62.2,20.2,42.1,16.28,2,A-7-6(34),Arcilla con arena ch de alta plasticidad color cafe oscuro,CH,No,Zapata Continua o corrida,Baja,Condicionada,pública_anonimizada,-79.2168424,-3.9435446
SPT-228,228,Loja,Loja,Zona técnica 05,2025,2013,5.5,13,1.66,59.6,20.8,38.9,13.78,2,A-7-6(30),Arcilla con arena ch de alta plasticidad color cafe oscuro,CH,No,Zapata Continua o corrida,Baja,Condicionada,pública_anonimizada,-79.216797,-3.9437163
SPT-229,229,Loja,Catamayo,Zona técnica 05,2026,1707,6.5,12,2.1,,,,8.52,1.2,A-1-b,Grava limosa con arena gm no plastica color cafe oscuro,GM,No,Zapata aislada cuadrada,Baja,Condicionada,pública_anonimizada,-79.433613,-3.9402655
SPT-230,230,Loja,Loja,Zona técnica 02,2026,2276,6.5,4,1.2,30.1,19.1,11,21.52,1.2,A-6(1),Arena arcillosa con grava sc de mediana plasticidad color cafe grisaceo,SC,No,Zapata aislada cuadrada,Muy baja,Revisión prioritaria,pública_anonimizada,-79.2211983,-4.0240324
SPT-231,231,Loja,Loja,Zona técnica 02,2026,2276,6.5,4,1.2,31.5,18.3,13.1,16.36,1.2,A-6(4),Arcilla arenosa con gravas cl de mediana plasticidad color cafe grisaceo,CL,No,Zapata aislada cuadrada,Muy baja,Revisión prioritaria,pública_anonimizada,-79.2211082,-4.0240774
SPT-232,232,Loja,Loja,Zona técnica 02,2026,1546,4.5,26,2.43,55.8,21.6,34.1,17.14,1.5,A-7-6(20),Arcilla con arena y con bajo contenido de gravas ch de alta plasticidad color cafe claro,CH,No,Zapata aislada cuadrada,Media,Alta,pública_anonimizada,-79.2830778,-4.2049853
SPT-233,233,Loja,Loja,Zona técnica 02,2026,1564,3.5,31,2.43,49.8,19.2,30.7,11.2,1.5,A-7-6(16),Arcilla con arena y con bajo contenido de gravas cl de alta plasticidad color cafe claro,CL,No,Zapata aislada cuadrada,Alta,Alta,pública_anonimizada,-79.2847423,-4.2057757
SPT-234,234,Loja,Loja,Zona técnica 02,2026,1587,4.5,48,2.43,61.5,36.6,24.9,6.85,1.5,A-7-5(17),Limo con arena y gravas mh de alta plasticidad color cafe amarillento,MH,No,Zapata aislada cuadrada,Muy alta,Alta,pública_anonimizada,-79.2864877,-4.2066748
SPT-235,235,Loja,Loja,Zona técnica 02,2026,1622,4.5,26,2.43,46.6,30.5,16.1,15.02,1.5,A-7-5(11),Limo con arena ml de mediana plasticidad color cafe amarillento,ML,No,Zapata aislada cuadrada,Media,Alta,pública_anonimizada,-79.2881078,-4.2071938
SPT-236,236,Loja,Loja,Zona técnica 04,2026,2198,5.5,13,1.55,55,32.9,22.1,31.28,2,A-7-5(18),Limo con arena mh de alta plasticidad color cafe oscuro,MH,No,Zapata aislada cuadrada,Baja,Condicionada,pública_anonimizada,-79.2285057,-4.0009627
SPT-237,237,Loja,Loja,Zona técnica 02,2026,2188,5.5,14,1.26,50.4,23.4,27,9.74,1.7,A-7-6(20),Arcilla con arena ch de alta plasticidad color gris blanquesino,CH,No,Zapata aislada cuadrada,Baja,Condicionada,pública_anonimizada,-79.2122521,-4.0262463
SPT-238,238,Loja,Loja,Zona técnica 04,2026,2101,6.5,12,2.82,,,,6.44,1.5,A-2-4,Grava limosa con arena gm no plastica color gris,GM,No,Zapata aislada cuadrada,Baja,Condicionada,pública_anonimizada,-79.2078588,-4.0057773
SPT-239,239,Loja,Calvas,Zona técnica 01,2026,1884,3.5,8,2.17,41.6,28.3,13.3,19.54,1.2,A-7-6(6),Limo con arena y gravas ml de mediana plasticidad color cafe amarillento,ML,No,Zapata aislada cuadrada,Muy baja,Revisión prioritaria,pública_anonimizada,-79.5763312,-4.3430916
SPT-240,240,Loja,Loja,Zona técnica 02,2026,2188,5.5,38,5.73,,,,12.3,1.5,A-4,Arena limosa con grava sm no plastica color cafe grisaceo,SM,No,Zapata aislada cuadrada,Alta,Alta,pública_anonimizada,-79.212987,-4.0278122
SPT-241,241,Loja,Loja,Zona técnica 02,2026,2189,5.5,24,6.57,,,,15.68,2.9,A-2-4,Arena limosa con grava sm no plastica color cafe grisaceo,SM,No,Zapata aislada cuadrada,Media,Media,pública_anonimizada,-79.213077,-4.0278215
SPT-242,242,Loja,Calvas,Zona técnica 01,2026,2027,4.5,2,0.52,55.1,45.2,9.9,64.98,1.5,A-5(5),Limo arenoso con gravas mh de mediana plasticidad color cafe naranja,MH,No,Zapata Continua o corrida,Muy baja,Revisión prioritaria,pública_anonimizada,-79.5622245,-4.3323025
SPT-243,243,Loja,Calvas,Zona técnica 01,2026,2028,4.5,4,0.89,52.1,45.4,6.7,70.39,1.5,A-5(12),Limo con bajo contenido de arena mh de mediana plasticidad color cafe naranja,MH,No,Zapata Continua o corrida,Muy baja,Revisión prioritaria,pública_anonimizada,-79.5622876,-4.3322393
SPT-244,244,Loja,Loja,Zona técnica 03,2026,2122,6.5,10,3.71,49.8,28.8,21,27.25,2,A-7-6(23),Limo ml de alta plasticidad color cafe amarillento,ML,No,Zapata aislada cuadrada,Baja,Condicionada,pública_anonimizada,-79.1994965,-4.0081152
SPT-245,245,Loja,Loja,Zona técnica 03,2026,2026,5.5,19,3.71,40.4,25.7,14.7,23.88,2,A-6(14),Limo con bajo contenido de arena ml de mediana plasticidad color cafe amarillento,ML,No,Zapata aislada cuadrada,Baja,Media,pública_anonimizada,-79.1993885,-4.0080969
